Requirement,Task Issue Id,Status
Permintaan teknis: MySQL dan XAMPP,RUANG-4,covered
"Permintaan teknis: RBAC admin, tutor, siswa",RUANG-8,covered
"Permintaan teknis: RBAC admin, tutor, siswa",RUANG-10,covered
"Permintaan teknis: RBAC admin, tutor, siswa",RUANG-12,covered
Permintaan teknis: setiap warna variabel CSS global,RUANG-3,covered
design/README.md: Beranda dan Progres murid,RUANG-55,covered
design/README.md: Beranda murid,RUANG-57,covered
design/README.md: Beranda tutor dan Progres murid,RUANG-58,covered
design/README.md: Buat Materi Artikel,RUANG-18,covered
design/README.md: Buat Materi Artikel dan Baca artikel,RUANG-20,covered
design/README.md: Buat Materi Kuis,RUANG-31,covered
design/README.md: Buat Materi Kuis,RUANG-35,covered
design/README.md: Buat Materi Video,RUANG-25,covered
design/README.md: Buat Materi Video dan Tonton video,RUANG-27,covered
design/README.md: Jam belajar aktif,RUANG-49,covered
design/README.md: Jam belajar aktif,RUANG-51,covered
design/README.md: Kerjakan kuis dan Penilaian esai,RUANG-33,covered
design/README.md: Kerjakan kuis dan Penilaian esai,RUANG-36,covered
design/README.md: Pustaka materi,RUANG-16,covered
design/README.md: Pustaka materi,RUANG-21,covered
design/README.md: Ritme hari ini,RUANG-42,covered
design/README.md: Ritme hari ini,RUANG-45,covered
design/README.md: Tasklist harian,RUANG-40,covered
design/README.md: Tasklist harian,RUANG-44,covered
design/README.md: peta halaman; dashboard-concepts/render.html: v2,RUANG-2,covered
